[{"bbox": [8, 4, 27, 35], "name": "UNKNOWN"}, {"bbox": [67, 4, 23, 35], "name": "UNKNOWN"}, {"bbox": [92, 4, 14, 35], "name": "UNKNOWN"}, {"bbox": [135, 4, 23, 35], "name": "UNKNOWN"}, {"bbox": [203, 4, 5, 35], "name": "dot"}, {"bbox": [384, 4, 25, 36], "name": "UNKNOWN"}, {"bbox": [428, 4, 24, 35], "name": "UNKNOWN"}, {"bbox": [627, 4, 5, 35], "name": "dot"}, {"bbox": [692, 4, 5, 35], "name": "dot"}, {"bbox": [331, 5, 23, 34], "name": "2"}, {"bbox": [249, 6, 14, 33], "name": "UNKNOWN"}, {"bbox": [569, 6, 14, 33], "name": "UNKNOWN"}, {"bbox": [636, 6, 14, 33], "name": "UNKNOWN"}, {"bbox": [107, 13, 24, 27], "name": "a"}, {"bbox": [160, 13, 24, 27], "name": "UNKNOWN"}, {"bbox": [213, 13, 21, 27], "name": "UNKNOWN"}, {"bbox": [267, 4, 21, 35], "name": "UNKNOWN"}, {"bbox": [359, 13, 21, 26], "name": "UNKNOWN"}, {"bbox": [453, 13, 24, 27], "name": "a"}, {"bbox": [480, 13, 14, 26], "name": "UNKNOWN"}, {"bbox": [546, 13, 22, 27], "name": "UNKNOWN"}, {"bbox": [704, 13, 21, 26], "name": "UNKNOWN"}, {"bbox": [40, 14, 21, 26], "name": "UNKNOWN"}, {"bbox": [493, 13, 24, 36], "name": "UNKNOWN"}, {"bbox": [651, 14, 24, 35], "name": "UNKNOWN"}, {"bbox": [599, 13, 23, 27], "name": "c"}, {"bbox": [292, 13, 23, 27], "name": "e"}, {"bbox": [521, 13, 23, 27], "name": "e"}, {"bbox": [135, 55, 28, 36], "name": "UNKNOWN"}, {"bbox": [89, 56, 27, 35], "name": "UNKNOWN"}, {"bbox": [338, 56, 14, 35], "name": "UNKNOWN"}, {"bbox": [369, 56, 27, 35], "name": "UNKNOWN"}, {"bbox": [476, 56, 30, 35], "name": "UNKNOWN"}, {"bbox": [637, 56, 24, 35], "name": "UNKNOWN"}, {"bbox": [4, 58, 14, 33], "name": "UNKNOWN"}, {"bbox": [215, 58, 14, 33], "name": "UNKNOWN"}, {"bbox": [256, 58, 14, 33], "name": "UNKNOWN"}, {"bbox": [677, 58, 14, 33], "name": "UNKNOWN"}, {"bbox": [22, 56, 21, 35], "name": "UNKNOWN"}, {"bbox": [192, 65, 22, 26], "name": "UNKNOWN"}, {"bbox": [232, 65, 23, 26], "name": "a"}, {"bbox": [312, 65, 24, 26], "name": "c"}, {"bbox": [503, 65, 24, 26], "name": "c"}, {"bbox": [532, 65, 13, 26], "name": "UNKNOWN"}, {"bbox": [584, 65, 24, 26], "name": "a"}, {"bbox": [611, 65, 22, 26], "name": "UNKNOWN"}, {"bbox": [695, 56, 21, 35], "name": "UNKNOWN"}, {"bbox": [427, 66, 34, 25], "name": "UNKNOWN"}, {"bbox": [548, 56, 21, 35], "name": "UNKNOWN"}, {"bbox": [48, 65, 23, 26], "name": "e"}, {"bbox": [273, 65, 23, 26], "name": "e"}, {"bbox": [401, 65, 24, 26], "name": "e"}, {"bbox": [720, 65, 24, 26], "name": "e"}, {"bbox": [124, 85, 5, 6], "name": "dot"}, {"bbox": [168, 85, 6, 6], "name": "dot"}, {"bbox": [324, 110, 33, 41], "name": "UNKNOWN"}, {"bbox": [537, 110, 33, 40], "name": "UNKNOWN"}, {"bbox": [422, 112, 16, 38], "name": "UNKNOWN"}, {"bbox": [470, 112, 16, 38], "name": "UNKNOWN"}, {"bbox": [8, 115, 23, 35], "name": "UNKNOWN"}, {"bbox": [207, 115, 5, 35], "name": "dot"}, {"bbox": [271, 115, 6, 35], "name": "dot"}, {"bbox": [149, 117, 14, 33], "name": "UNKNOWN"}, {"bbox": [215, 117, 14, 33], "name": "UNKNOWN"}, {"bbox": [364, 120, 28, 41], "name": "UNKNOWN"}, {"bbox": [395, 120, 26, 31], "name": "UNKNOWN"}, {"bbox": [441, 120, 28, 31], "name": "a"}, {"bbox": [604, 121, 41, 29], "name": "UNKNOWN"}, {"bbox": [32, 124, 24, 27], "name": "a"}, {"bbox": [59, 124, 14, 26], "name": "UNKNOWN"}, {"bbox": [126, 124, 22, 27], "name": "UNKNOWN"}, {"bbox": [283, 124, 21, 26], "name": "UNKNOWN"}, {"bbox": [73, 124, 23, 36], "name": "UNKNOWN"}, {"bbox": [231, 125, 23, 35], "name": "UNKNOWN"}, {"bbox": [489, 120, 27, 31], "name": "e"}, {"bbox": [575, 120, 27, 31], "name": "e"}, {"bbox": [179, 124, 23, 27], "name": "c"}, {"bbox": [100, 124, 24, 27], "name": "e"}, {"bbox": [4, 170, 37, 41], "name": "UNKNOWN"}, {"bbox": [141, 176, 31, 35], "name": "UNKNOWN"}, {"bbox": [266, 176, 22, 35], "name": "2"}, {"bbox": [293, 176, 23, 35], "name": "UNKNOWN"}, {"bbox": [322, 176, 13, 35], "name": "UNKNOWN"}, {"bbox": [346, 176, 23, 35], "name": "UNKNOWN"}, {"bbox": [36, 180, 29, 31], "name": "UNKNOWN"}, {"bbox": [70, 180, 16, 31], "name": "UNKNOWN"}, {"bbox": [89, 170, 25, 41], "name": "UNKNOWN"}, {"bbox": [173, 185, 22, 26], "name": "UNKNOWN"}, {"bbox": [211, 185, 24, 26], "name": "c"}, {"bbox": [237, 176, 14, 35], "name": "UNKNOWN"}, {"bbox": [373, 185, 21, 26], "name": "UNKNOWN"}, {"bbox": [463, 185, 21, 26], "name": "UNKNOWN"}, {"bbox": [488, 185, 21, 26], "name": "UNKNOWN"}, {"bbox": [514, 185, 21, 26], "name": "UNKNOWN"}, {"bbox": [539, 185, 21, 26], "name": "UNKNOWN"}, {"bbox": [410, 185, 23, 26], "name": "c"}, {"bbox": [436, 185, 23, 26], "name": "e"}, {"bbox": [118, 205, 6, 6], "name": "dot"}, {"bbox": [73, 228, 5, 35], "name": "dot"}, {"bbox": [350, 228, 5, 35], "name": "dot"}, {"bbox": [54, 230, 14, 33], "name": "UNKNOWN"}, {"bbox": [149, 230, 13, 33], "name": "UNKNOWN"}, {"bbox": [240, 230, 14, 33], "name": "UNKNOWN"}, {"bbox": [359, 230, 14, 33], "name": "UNKNOWN"}, {"bbox": [31, 237, 22, 26], "name": "UNKNOWN"}, {"bbox": [85, 237, 35, 26], "name": "UNKNOWN"}, {"bbox": [124, 237, 24, 26], "name": "a"}, {"bbox": [191, 237, 21, 27], "name": "UNKNOWN"}, {"bbox": [258, 228, 21, 35], "name": "UNKNOWN"}, {"bbox": [414, 237, 25, 36], "name": "UNKNOWN"}, {"bbox": [443, 237, 13, 26], "name": "UNKNOWN"}, {"bbox": [457, 237, 24, 27], "name": "UNKNOWN"}, {"bbox": [486, 237, 24, 36], "name": "UNKNOWN"}, {"bbox": [539, 237, 14, 26], "name": "UNKNOWN"}, {"bbox": [374, 238, 24, 35], "name": "UNKNOWN"}, {"bbox": [322, 237, 23, 27], "name": "c"}, {"bbox": [6, 237, 23, 26], "name": "e"}, {"bbox": [165, 237, 23, 26], "name": "e"}, {"bbox": [283, 237, 24, 27], "name": "e"}, {"bbox": [513, 237, 23, 27], "name": "e"}, {"bbox": [217, 257, 6, 13], "name": "UNKNOWN"}, {"bbox": [119, 280, 23, 35], "name": "UNKNOWN"}, {"bbox": [187, 280, 5, 35], "name": "dot"}, {"bbox": [363, 280, 24, 35], "name": "2"}, {"bbox": [457, 280, 23, 35], "name": "2"}, {"bbox": [484, 280, 24, 35], "name": "UNKNOWN"}, {"bbox": [510, 280, 24, 35], "name": "UNKNOWN"}, {"bbox": [168, 282, 14, 33], "name": "UNKNOWN"}, {"bbox": [7, 289, 24, 35], "name": "UNKNOWN"}, {"bbox": [34, 289, 25, 26], "name": "c"}, {"bbox": [63, 289, 24, 35], "name": "UNKNOWN"}, {"bbox": [91, 289, 22, 26], "name": "UNKNOWN"}, {"bbox": [144, 289, 24, 26], "name": "a"}, {"bbox": [197, 289, 25, 26], "name": "c"}, {"bbox": [226, 289, 21, 26], "name": "UNKNOWN"}, {"bbox": [264, 289, 35, 26], "name": "UNKNOWN"}, {"bbox": [301, 289, 24, 26], "name": "a"}, {"bbox": [326, 289, 22, 26], "name": "UNKNOWN"}, {"bbox": [391, 280, 23, 35], "name": "UNKNOWN"}, {"bbox": [417, 280, 24, 35], "name": "UNKNOWN"}, {"bbox": [446, 309, 6, 12], "name": "UNKNOWN"}, {"bbox": [540, 309, 6, 6], "name": "dot"}]