[{"bbox": [8, 5, 27, 34], "name": "UNKNOWN"}, {"bbox": [67, 5, 23, 34], "name": "UNKNOWN"}, {"bbox": [92, 4, 14, 35], "name": "UNKNOWN"}, {"bbox": [135, 5, 23, 34], "name": "UNKNOWN"}, {"bbox": [203, 5, 5, 34], "name": "UNKNOWN"}, {"bbox": [267, 5, 21, 34], "name": "UNKNOWN"}, {"bbox": [331, 5, 23, 34], "name": "2"}, {"bbox": [385, 5, 23, 35], "name": "UNKNOWN"}, {"bbox": [428, 5, 24, 34], "name": "UNKNOWN"}, {"bbox": [627, 5, 5, 34], "name": "UNKNOWN"}, {"bbox": [692, 5, 5, 34], "name": "UNKNOWN"}, {"bbox": [249, 7, 14, 32], "name": "UNKNOWN"}, {"bbox": [570, 7, 13, 32], "name": "UNKNOWN"}, {"bbox": [636, 7, 14, 32], "name": "UNKNOWN"}, {"bbox": [107, 13, 24, 27], "name": "a"}, {"bbox": [160, 13, 24, 27], "name": "UNKNOWN"}, {"bbox": [213, 13, 21, 27], "name": "UNKNOWN"}, {"bbox": [292, 13, 23, 27], "name": "e"}, {"bbox": [359, 13, 21, 26], "name": "UNKNOWN"}, {"bbox": [453, 13, 24, 27], "name": "a"}, {"bbox": [480, 13, 14, 26], "name": "UNKNOWN"}, {"bbox": [494, 13, 23, 36], "name": "UNKNOWN"}, {"bbox": [521, 13, 23, 27], "name": "e"}, {"bbox": [547, 13, 21, 27], "name": "UNKNOWN"}, {"bbox": [599, 13, 23, 27], "name": "c"}, {"bbox": [704, 13, 21, 26], "name": "UNKNOWN"}, {"bbox": [40, 14, 21, 26], "name": "UNKNOWN"}, {"bbox": [651, 14, 24, 35], "name": "UNKNOWN"}, {"bbox": [135, 55, 27, 36], "name": "UNKNOWN"}, {"bbox": [22, 56, 21, 35], "name": "UNKNOWN"}, {"bbox": [89, 56, 27, 35], "name": "UNKNOWN"}, {"bbox": [338, 56, 14, 34], "name": "UNKNOWN"}, {"bbox": [369, 56, 27, 34], "name": "UNKNOWN"}, {"bbox": [476, 56, 30, 34], "name": "UNKNOWN"}, {"bbox": [548, 56, 21, 34], "name": "UNKNOWN"}, {"bbox": [637, 56, 24, 35], "name": "UNKNOWN"}, {"bbox": [695, 56, 21, 35], "name": "UNKNOWN"}, {"bbox": [5, 58, 13, 33], "name": "UNKNOWN"}, {"bbox": [216, 58, 13, 32], "name": "UNKNOWN"}, {"bbox": [256, 58, 14, 32], "name": "UNKNOWN"}, {"bbox": [677, 58, 14, 33], "name": "UNKNOWN"}, {"bbox": [48, 65, 23, 26], "name": "e"}, {"bbox": [193, 65, 20, 26], "name": "UNKNOWN"}, {"bbox": [232, 65, 23, 26], "name": "a"}, {"bbox": [273, 65, 23, 26], "name": "e"}, {"bbox": [312, 65, 24, 26], "name": "UNKNOWN"}, {"bbox": [402, 65, 22, 26], "name": "e"}, {"bbox": [503, 65, 24, 26], "name": "UNKNOWN"}, {"bbox": [532, 65, 13, 25], "name": "UNKNOWN"}, {"bbox": [585, 65, 23, 26], "name": "a"}, {"bbox": [612, 65, 21, 26], "name": "UNKNOWN"}, {"bbox": [721, 65, 23, 26], "name": "e"}, {"bbox": [427, 66, 34, 24], "name": "UNKNOWN"}, {"bbox": [124, 85, 5, 5], "name": "dot"}, {"bbox": [168, 85, 6, 5], "name": "dot"}, {"bbox": [324, 110, 33, 41], "name": "UNKNOWN"}, {"bbox": [537, 110, 32, 40], "name": "UNKNOWN"}, {"bbox": [422, 112, 16, 38], "name": "UNKNOWN"}, {"bbox": [470, 112, 16, 38], "name": "UNKNOWN"}, {"bbox": [8, 116, 23, 34], "name": "UNKNOWN"}, {"bbox": [207, 116, 5, 34], "name": "UNKNOWN"}, {"bbox": [272, 116, 5, 34], "name": "UNKNOWN"}, {"bbox": [149, 118, 14, 32], "name": "UNKNOWN"}, {"bbox": [216, 118, 13, 32], "name": "UNKNOWN"}, {"bbox": [364, 120, 28, 41], "name": "UNKNOWN"}, {"bbox": [396, 120, 24, 31], "name": "UNKNOWN"}, {"bbox": [441, 120, 28, 31], "name": "a"}, {"bbox": [489, 120, 27, 31], "name": "e"}, {"bbox": [575, 120, 27, 31], "name": "e"}, {"bbox": [604, 121, 41, 29], "name": "UNKNOWN"}, {"bbox": [33, 124, 23, 27], "name": "a"}, {"bbox": [59, 124, 14, 26], "name": "UNKNOWN"}, {"bbox": [73, 124, 23, 36], "name": "UNKNOWN"}, {"bbox": [100, 124, 24, 27], "name": "e"}, {"bbox": [126, 124, 21, 27], "name": "UNKNOWN"}, {"bbox": [179, 124, 23, 27], "name": "c"}, {"bbox": [231, 125, 23, 35], "name": "UNKNOWN"}, {"bbox": [283, 124, 21, 26], "name": "UNKNOWN"}, {"bbox": [4, 170, 36, 41], "name": "UNKNOWN"}, {"bbox": [89, 170, 25, 41], "name": "UNKNOWN"}, {"bbox": [141, 176, 31, 34], "name": "UNKNOWN"}, {"bbox": [238, 176, 13, 34], "name": "UNKNOWN"}, {"bbox": [266, 176, 22, 34], "name": "2"}, {"bbox": [293, 177, 23, 34], "name": "UNKNOWN"}, {"bbox": [322, 176, 13, 34], "name": "UNKNOWN"}, {"bbox": [346, 177, 23, 34], "name": "UNKNOWN"}, {"bbox": [36, 181, 29, 30], "name": "UNKNOWN"}, {"bbox": [70, 181, 15, 30], "name": "UNKNOWN"}, {"bbox": [174, 185, 20, 26], "name": "UNKNOWN"}, {"bbox": [211, 185, 24, 26], "name": "UNKNOWN"}, {"bbox": [373, 185, 21, 26], "name": "UNKNOWN"}, {"bbox": [410, 185, 23, 26], "name": "c"}, {"bbox": [436, 185, 23, 26], "name": "e"}, {"bbox": [463, 185, 21, 25], "name": "UNKNOWN"}, {"bbox": [489, 185, 20, 26], "name": "UNKNOWN"}, {"bbox": [539, 185, 21, 26], "name": "UNKNOWN"}, {"bbox": [514, 186, 20, 25], "name": "UNKNOWN"}, {"bbox": [118, 205, 6, 6], "name": "dot"}, {"bbox": [73, 229, 5, 34], "name": "UNKNOWN"}, {"bbox": [258, 228, 21, 35], "name": "UNKNOWN"}, {"bbox": [350, 228, 5, 35], "name": "UNKNOWN"}, {"bbox": [55, 231, 13, 32], "name": "UNKNOWN"}, {"bbox": [149, 231, 13, 32], "name": "UNKNOWN"}, {"bbox": [240, 230, 14, 33], "name": "UNKNOWN"}, {"bbox": [359, 230, 14, 33], "name": "UNKNOWN"}, {"bbox": [283, 237, 23, 27], "name": "e"}, {"bbox": [322, 237, 23, 27], "name": "c"}, {"bbox": [415, 237, 23, 35], "name": "UNKNOWN"}, {"bbox": [443, 237, 13, 26], "name": "UNKNOWN"}, {"bbox": [457, 237, 24, 27], "name": "UNKNOWN"}, {"bbox": [486, 237, 24, 35], "name": "UNKNOWN"}, {"bbox": [513, 237, 23, 27], "name": "e"}, {"bbox": [540, 237, 13, 26], "name": "UNKNOWN"}, {"bbox": [6, 238, 23, 25], "name": "e"}, {"bbox": [32, 238, 21, 25], "name": "UNKNOWN"}, {"bbox": [85, 238, 34, 25], "name": "UNKNOWN"}, {"bbox": [124, 238, 24, 25], "name": "a"}, {"bbox": [165, 238, 23, 25], "name": "e"}, {"bbox": [191, 238, 21, 25], "name": "UNKNOWN"}, {"bbox": [375, 238, 23, 35], "name": "UNKNOWN"}, {"bbox": [217, 257, 6, 13], "name": "UNKNOWN"}, {"bbox": [119, 280, 23, 34], "name": "UNKNOWN"}, {"bbox": [187, 280, 5, 34], "name": "UNKNOWN"}, {"bbox": [364, 280, 22, 34], "name": "2"}, {"bbox": [391, 281, 23, 34], "name": "UNKNOWN"}, {"bbox": [417, 281, 24, 34], "name": "UNKNOWN"}, {"bbox": [457, 280, 23, 34], "name": "2"}, {"bbox": [484, 280, 24, 35], "name": "UNKNOWN"}, {"bbox": [511, 280, 23, 34], "name": "UNKNOWN"}, {"bbox": [168, 282, 14, 32], "name": "UNKNOWN"}, {"bbox": [7, 289, 24, 35], "name": "UNKNOWN"}, {"bbox": [34, 289, 25, 26], "name": "UNKNOWN"}, {"bbox": [63, 289, 24, 35], "name": "UNKNOWN"}, {"bbox": [92, 289, 21, 26], "name": "UNKNOWN"}, {"bbox": [144, 289, 23, 26], "name": "a"}, {"bbox": [197, 289, 24, 26], "name": "UNKNOWN"}, {"bbox": [226, 289, 21, 25], "name": "UNKNOWN"}, {"bbox": [264, 289, 35, 25], "name": "UNKNOWN"}, {"bbox": [301, 289, 24, 26], "name": "a"}, {"bbox": [327, 289, 21, 26], "name": "UNKNOWN"}, {"bbox": [446, 309, 6, 12], "name": "UNKNOWN"}, {"bbox": [540, 309, 6, 5], "name": "dot"}]